Wavelength,musp,muaoxy,muadeoxy,muawater,muafat,muamel
300,236.19358024691363,353.2701017558214,345.0664730058984,0.0067,0.0001,3721.589226966895
301,233.34379361471153,345.8697003639196,336.65935999194335,0.0065992,0.0001,3680.575948199926
302,230.5400511409817,338.4692989720178,328.25224697798836,0.0064984000000000005,0.0001,3640.1484411514434
303,227.7814515247226,335.10645376643583,321.63365354789386,0.0063976,0.0001,3600.2964412564397
304,225.0671140575483,331.74360856085383,315.01506011779935,0.0062968,0.0001,3561.009896863227
305,222.39617808697938,332.81457837154875,309.8744050264638,0.006196,0.0001,3522.2789641360955
306,219.7678024954287,333.88554818224367,304.7337499351283,0.0060952,0.0001,3484.094002096207
307,217.181165194375,335.23497014371924,306.6400761981652,0.0059944,0.0001,3446.445567796528
308,214.6354626332328,336.58439210519475,308.54640246120215,0.0058936,0.0001,3409.3244116267747
309,212.12990932244554,337.9123946704564,312.65892653427056,0.0057928,0.0001,3372.721472744439
310,209.66373737034675,339.2403972357181,316.771450607339,0.005692,0.0001,3336.6278746281355
311,207.2361960333474,346.2552494957697,325.0500472440106,0.0055912,0.0001,3301.0349207495933
312,204.84655127902548,353.2701017558214,333.32864388068225,0.0054904,0.0001,3265.934090360778
313,202.4940853617078,361.4201820152096,341.61795021546084,0.0053896,0.0001,3231.3170343927045
314,200.17809641014762,369.57026227459784,349.90725655023937,0.0052888,0.0001,3197.1755714626543
315,197.89789802691698,378.6413765711837,357.8538525455956,0.005188,0.0001,3163.501683986583
316,195.65281889914428,387.71249086776953,365.8004485409518,0.0050872,0.0001,3130.2875143936294
317,193.44220242024153,396.0981844855106,373.55426997038285,0.0049864,0.0001,3097.525361439737
318,191.2654063222774,404.48387810325175,381.308091399814,0.0048856,0.0001,3065.20767661748
319,189.1218023186638,413.0944753812388,390.143592338047,0.0047848,0.0001,3033.3270606593
320,187.01077575683593,421.70507265922583,398.97909327627997,0.004684,0.0001,3001.8762601314315
321,184.93172528061547,431.0867682009132,409.0890482892398,0.0045832,0.0001,2970.848164115904
322,182.88406250195854,440.4684637426006,419.19900330219974,0.004482399999999999,0.0001,2940.235800978056
323,180.8672116817984,450.4177732839562,429.30895831515966,0.004381599999999999,0.0001,2910.032335217119
324,178.88060941970465,460.36708282531185,439.4189133281196,0.0042807999999999995,0.0001,2880.2310643974843
325,176.9237043520885,470.6055542155551,448.8755767565556,0.00418,0.0001,2850.8254161583322
326,174.99595685869298,480.84402560579844,458.3322401849916,0.004105999999999999,0.0001,2821.808945299407
327,173.09683877711723,491.47875582599886,466.16102950117136,0.004032,0.0001,2793.1753309407572
328,171.22583312512978,502.1134860461992,473.9898188173511,0.003958,0.0001,2764.918373754357
329,169.3824338305365,512.1377634743036,480.2549922099163,0.003884,0.0001,2737.0319932655702
330,167.56614546837434,522.162040902408,486.52016560248154,0.0038099999999999996,0.0001,2709.510225222488
331,165.7764830052117,531.4045103687049,492.7746292969398,0.0037359999999999997,0.0001,2682.3472190312436
332,164.01297155034203,540.646979835002,499.029092991398,0.003662,0.0001,2655.537235255443
333,162.27514611366425,547.4476381329146,505.2942663839632,0.003588,0.0001,2629.0746431779335
334,160.562551370052,554.2482964308273,511.5594397765284,0.0035139999999999998,0.0001,2602.9539184231644
335,158.87474143001768,558.1680459379706,522.9652682604292,0.00344,0.0001,2577.16964063847
336,157.21127961648563,562.087795445114,534.3710967443299,0.003366,0.0001,2551.7164912326325
337,155.5717382474943,566.0610934427921,546.9121532275672,0.003292,0.0001,2526.5892511701527
338,153.95569842465204,570.0343914404702,559.4532097108046,0.003218,0.0001,2501.782798819692
339,152.36274982717867,573.8684633627579,570.1521981196466,0.003144,0.0001,2477.2921078552
340,150.79249051136836,577.7025352850457,580.8511865284887,0.00307,0.0001,2453.112245208293
341,149.24452671531662,580.8511865284886,587.6090060339736,0.002996,0.0001,2429.2383690704755
342,147.71847266875744,583.9998377719317,594.3668255394584,0.002922,0.0001,2405.6657269438556
343,146.21395040786274,586.7629398835245,601.1353547430502,0.002848,0.0001,2382.389653739045
344,144.73058959486093,589.5260419951175,607.903883946642,0.002774,0.0001,2359.4055699189557
345,143.26802734233436,586.687971996776,614.6724131502338,0.0027,0.0001,2336.708979687263
346,141.8259080420631,583.8499019984345,621.4409423538256,0.002626,0.0001,2314.2954692203416
347,140.40388319828276,581.0439610944138,628.6699885760163,0.002552,0.0001,2292.1607049414984
348,139.0016112652312,578.2380201903932,635.8990347982069,0.002478,0.0001,2270.300431836371
349,137.6187574888615,574.4682064567471,644.8416327175094,0.002404,0.0001,2248.7104718084106
350,136.25499375260313,570.6983927231009,653.7842306368118,0.00233,0.0001,2227.386722073366
351,134.909998427056,566.5858686500326,662.7375382542211,0.0022836,0.0001,2206.325153591746
352,133.58345622350657,562.4733445769642,671.6908458716306,0.0022372,0.0001,2185.5218095382543
353,132.27505805115848,558.8748860130293,680.633443790933,0.0021908,0.0001,2164.972803807225
354,130.98450087797252,555.2764274490944,689.5760417102355,0.0021444,0.0001,2144.6743195531058
355,129.71148759501588,549.5788680561975,698.5293493276449,0.002098,0.0001,2124.622607765082
356,128.45572688422146,543.8813086633006,707.4826569450543,0.0020516,0.0001,2104.813985874939
357,127.21693308946318,533.8677409333033,711.5309228294809,0.0020052,0.0001,2085.2448363973026
358,125.99482609085445,523.8541732033059,715.5791887139077,0.0019588,0.0001,2065.9116056014177
359,124.78913118218068,515.5969959628482,719.0812599948802,0.0019124,0.0001,2046.810802213644
360,123.59957895137939,507.3398187223904,722.5833312758525,0.001866,0.0001,2027.9389961498769
361,122.42590516398344,500.6569671036542,725.5392079533704,0.0018196,0.0001,2009.2928172771246
362,121.26785064944667,493.974115484918,728.4950846308883,0.0017732,0.0001,1990.8689542034908
363,120.12516119027212,487.51616752642775,730.9797345917004,0.0017268000000000001,0.0001,1972.6641530958318
364,118.99758741386671,481.0582195679375,733.4643845525127,0.0016803999999999999,0.0001,1954.6752165243904
365,117.88488468704806,477.43834160778874,735.9490345133249,0.001634,0.0001,1936.8990023337078
366,116.78681301313105,473.81846364763993,738.4336844741371,0.0015876,0.0001,1919.3324225391525
367,115.70313693152445,471.21600700765134,740.9933023216979,0.0015412,0.0001,1901.9724422484194
368,114.63362541976963,468.6135503676627,743.5529201692588,0.0014948000000000001,0.0001,1884.8160786073588
369,113.57805179795541,470.3913602534162,746.5302162429905,0.0014484,0.0001,1867.8603997695309
370,112.53619363544541,472.16917013916975,749.5075123167222,0.001402,0.0001,1851.1025238888851
371,111.5078326598555,481.3152523225042,752.4955180885611,0.0013556000000000002,0.0001,1834.5396181349872
372,110.49275466822154,490.4613345058387,755.4835238603999,0.0013092,0.0001,1818.1688977302247
373,109.49074944029867,499.9608367267025,758.4608199341318,0.0012628,0.0001,1801.9876250084524
374,108.50161065393567,509.4603389475663,761.4381160078636,0.0012164,0.0001,1785.9931084945326
375,107.52513580246912,519.623842451061,764.4261217797025,0.00117,0.0001,1770.1827020042651
376,106.5611261140841,529.7873459545557,767.4141275515412,0.0011464000000000001,0.0001,1754.5538037641888
377,105.60938647308924,541.8250466267664,770.3914236252731,0.0011228,0.0001,1739.1038555507776
378,104.66972534305623,553.8627472989771,773.3687196990048,0.0010992,0.0001,1723.8303418485425
379,103.74195469177418,570.2807144969299,775.5320787166086,0.0010756000000000001,0.0001,1708.730789026584
380,102.82588991797178,586.6986816948829,777.6954377342123,0.001052,0.0001,1693.8027645331397
381,101.92134977976102,606.5223328908456,777.6954377342123,0.0010284,0.0001,1679.0438761076848
382,101.02815632475736,626.3459840868084,777.6954377342123,0.0010048,0.0001,1664.4517710101659
383,100.14613482183319,648.9755761867916,786.8950684080816,0.0009812,0.0001,1650.0241352669448
384,99.27511369446178,671.605168286775,796.0946990819508,0.0009576000000000001,0.0001,1635.7586929330487
385,98.4149244556111,697.6083152904473,810.124403602054,0.000934,0.0001,1621.6532053703386
386,97.56540164414724,723.6114622941196,824.1541081221573,0.0009104,0.0001,1607.705470541204
387,96.72638276270865,758.3323035568484,839.2440727548485,0.0008868000000000001,0.0001,1593.9133223174167
388,95.89770821701353,793.0531448195771,854.3340373875398,0.0008632,0.0001,1580.2746298037775
389,95.07922125656368,845.6591819209109,876.3853057897478,0.0008396,0.0001,1566.7872966762031
390,94.27076791670935,898.2652190222447,898.4365741919559,0.0008160000000000001,0.0001,1553.4492605339087
391,93.47219696204,957.1471392142505,931.1654116067921,0.0007924,0.0001,1540.2584922653507
392,92.68335983106788,1016.0290594062565,963.8942490216284,0.0007688,0.0001,1527.2129954276018
393,91.90411058217123,1075.7891748430322,994.7810183620695,0.0007452,0.0001,1514.3108056388446
394,91.1343058407655,1135.549290279808,1025.6677877025106,0.0007216,0.0001,1501.5499899836684
395,90.37380474767176,1187.8982946265749,1054.005648893498,0.000698,0.0001,1488.9286464308707
396,89.62246890865181,1240.2472989733417,1082.343510084485,0.0006744,0.0001,1476.4449032634727
397,88.88016234508126,1285.2066116263138,1110.692080973579,0.0006508,0.0001,1464.0969185206532
398,88.14675144573175,1330.165924279286,1139.0406518626733,0.0006272,0.0001,1451.8828794513354
399,87.42210491963473,1377.8990487419578,1167.3785130536603,0.0006036,0.0001,1439.8010019791423
400,86.70609374999998,1425.63217320463,1195.7163742446476,0.00058,0.0001,1427.8495301784646
401,85.99859114916275,1473.804395289687,1230.2337312433442,0.000572,0.0001,1416.0267357613814
402,85.29947251453372,1521.9766173747437,1264.751088242041,0.000564,0.0001,1404.3309175751783
403,84.60861538552739,1587.5520988835926,1310.7492416113873,0.000556,0.0001,1392.760401110225
404,83.92589940144472,1653.1275803924416,1356.7473949807338,0.000548,0.0001,1381.3135380179706
405,83.25120626028632,1774.928976962773,1402.7455483500798,0.00054,0.0001,1369.9887056388218
406,82.58441967847371,1896.7303735331047,1448.7437017194259,0.000532,0.0001,1358.7843065396808
407,81.92542535145623,2079.0951128982333,1493.7458531648258,0.000524,0.0001,1347.6987680609243
408,81.27411091518199,2261.4598522633614,1538.7480046102257,0.000516,0.0001,1336.7305418725975
409,80.63036590841227,2380.6587921937044,1583.1932517540642,0.000508,0.0001,1325.8781035396328
410,79.99408173585807,2499.8577321240473,1627.6384988979028,0.0005,0.0001,1315.1399520958648
411,79.36515163211968,2589.1766143360023,1674.1935565688104,0.000492,0.0001,1304.514609626664
412,78.74347062640942,2678.4954965479574,1720.7486142397179,0.000484,0.0001,1294.0006208599787
413,78.12893550803896,2742.967879151791,1777.649240281938,0.000476,0.0001,1283.596552765605
414,77.52144479265262,2807.4402617556243,1834.5498663241585,0.000468,0.0001,1273.3009941624982
415,76.92089868918879,2801.0144428914546,1891.450492366379,0.00046,0.0001,1263.1125553339405
416,76.32719906755224,2794.5886240272853,1948.3511184085992,0.00045200000000000004,0.0001,1253.0298676503967
417,75.7402494269802,2777.560204037236,2006.8046506763271,0.000444,0.0001,1243.0515831998812
418,75.15995486508558,2760.531784047187,2065.258182944055,0.000436,0.0001,1233.1763744256687
419,74.58622204756156,2666.393537687105,2123.840231589066,0.000428,0.0001,1223.4029337711916
420,74.01895917853159,2572.2552913270233,2182.422280234078,0.00042,0.0001,1213.7299733319567
421,73.45807597152972,2442.453750270801,2242.182395670853,0.00041200000000000004,0.0001,1204.1562245143327
422,72.90348362109629,2312.6522092145783,2301.9425111076284,0.000404,0.0001,1194.680437701053
423,72.3550947749745,2163.66959884881,2385.7994472850396,0.000396,0.0001,1185.3013819232876
424,71.81282350689395,2014.6869884830414,2469.6563834624512,0.000388,0.0001,1176.017844539141
425,71.2765852899271,1880.269567542724,2524.918425694308,0.00038,0.0001,1166.828630918432
426,70.74629697040547,1745.8521466024065,2580.180467926165,0.00037600000000000003,0.0001,1157.7325641336238
427,70.22187674238253,1630.937085914843,2631.051533934173,0.00037200000000000004,0.0001,1148.7284846567632
428,69.7032441226305,1516.0220252272798,2681.9225999421815,0.000368,0.0001,1139.8152500623048
429,69.19031992615862,1416.8502207569318,2756.247904804408,0.000364,0.0001,1130.991734735689
430,68.68302624224107,1317.6784162865836,2830.573209666634,0.00036,0.0001,1122.2568295875506
431,68.18128641094239,1232.1293478082744,2893.653331516564,0.00035600000000000003,0.0001,1113.609441773434
432,67.68502500012937,1146.5802793299654,2956.733453366494,0.000352,0.0001,1105.048494418901
433,67.1941677829578,1015.9540915195078,2956.733453366494,0.000348,0.0001,1096.5729263499131
434,66.70864171582363,885.3279037090501,2956.733453366494,0.000344,0.0001,1088.1816918283696
435,66.22837491676742,798.2794774957683,2943.025039789599,0.00034,0.0001,1079.8737602927035
436,65.75329664432226,711.2310512824864,2929.3166262127043,0.000336,0.0001,1071.6481161034158
437,65.28333727679463,674.6038837567207,2807.5473587366937,0.000332,0.0001,1063.5037582934472
438,64.81842829196863,637.9767162309549,2685.778091260683,0.000328,0.0001,1055.439700323288
439,64.35850224722378,593.6385660681858,2449.415054040317,0.00032399999999999996,0.0001,1047.454969840719
440,63.903492760057375,549.3004159054168,2213.0520168199514,0.00031999999999999997,0.0001,1039.548608445091
441,63.45333448900165,523.0616555433917,2079.073693502019,0.000316,0.0001,1031.7196714560434
442,63.00796311492765,496.82289518136645,1945.0953701840865,0.000312,0.0001,1023.9672276865714
443,62.567315322726515,466.47161074627286,1729.5198569893091,0.000308,0.0001,1016.2903592203493
444,62.13132878335992,436.1203263111792,1513.9443437945315,0.000304,0.0001,1008.6881611932187
445,61.699942136271474,422.41191273428444,1392.121527827986,0.0003,0.0001,1001.159741578758
446,61.27309497215098,408.7034991573897,1270.2987118614406,0.000296,0.0001,993.7042209778468
447,60.8507278160436,383.85699954926787,1099.2005749048226,0.000292,0.0001,986.3207324121393
448,60.43278211079652,359.01049994114607,928.1024379482047,0.00028799999999999995,0.0001,979.0084211213692
449,60.01920020083527,347.69034904210093,740.6077531898477,0.00028399999999999996,0.0001,971.7664443644071
450,59.60992531626276,336.3701981430558,553.1130684314908,0.00028,0.0001,964.5939712239872
451,59.204901557273686,325.78901641339013,444.2704065705675,0.00027867999999999995,0.0001,957.4901824150344
452,58.80407387887743,315.20783468372446,335.4277447096443,0.00027736,0.0001,950.4542700965135
453,58.407388075922796,300.98535559769607,264.55631748690894,0.00027603999999999997,0.0001,943.4854376867294
454,58.01479076841764,286.76287651166774,193.6848902641736,0.00027472,0.0001,936.5828996820078
455,57.626229387137386,275.9032426312214,179.03616519348867,0.0002734,0.0001,929.745881478686
456,57.2416521595157,265.0436087507751,164.38744012280375,0.00027207999999999996,0.0001,922.9736191983491
457,56.86100809581158,259.68875969730055,151.50260233033336,0.00027076,0.0001,916.2653595162408
458,56.484246975546405,254.33391064382604,138.61776453786297,0.00026943999999999997,0.0001,909.62035949279
459,56.11131933420555,246.25879827118646,131.93062903988397,0.00026812,0.0001,903.0378864081848
460,55.7421764501985,238.18368589854688,125.24349354190497,0.0002668,0.0001,896.5172175999362
461,55.3767703320721,229.72302439405715,118.55635804392598,0.00026547999999999996,0.0001,890.0576403033679
462,55.015053705971255,221.2623628895674,111.869222545947,0.00026416,0.0001,883.6584514949768
463,54.65698000334216,217.21195506551928,107.50394959755457,0.00026283999999999997,0.0001,877.3189577386031
464,54.30250334887229,213.16154724147114,103.13867664916212,0.00026152,0.0001,871.038475034355
465,53.95157854866268,205.84146858537144,100.14424505845918,0.0002602,0.0001,864.8163286702343
466,53.60416107862704,198.52138992927175,97.14981346775623,0.00025887999999999996,0.0001,858.6518530764066
467,53.260207073113264,192.62463015158562,94.15966575629605,0.00025756,0.0001,852.5443916820641
468,52.919673313742294,186.7278703738995,91.16951804483588,0.00025623999999999997,0.0001,846.4932967748315
469,52.58251721845993,182.27906178027285,88.84230064619584,0.00025492,0.0001,840.4979293626606
470,52.248696830796945,177.8302531866462,86.51508324755581,0.0002536,0.0001,834.5576590381672
471,51.91817080933325,173.57529012875534,84.2489111281254,0.00025227999999999996,0.0001,828.6718638453639
472,51.59089841736168,169.32032707086452,81.98273900869498,0.00025096,0.0001,822.8399301487343
473,51.2668395127472,165.28705476378747,81.2823247525005,0.00024964,0.0001,817.0612525046116
474,50.945954537977556,161.25378245671044,80.58191049630604,0.00024832,0.0001,811.3352335348094
475,50.62820451040125,157.87273076434664,79.897560787272,0.000247,0.0001,805.661283802464
476,50.31355101264889,154.49167907198284,79.21321107823795,0.00024712,0.0001,800.0388216900449
477,50.00195618323424,151.45869256809488,78.85015231241238,0.00024723999999999997,0.0001,794.4672732794884
478,49.69338270733114,148.42570606420688,78.48709354658682,0.00024735999999999996,0.0001,788.9460722344177
479,49.38779380772253,145.51052623949536,78.20007363732057,0.00024748,0.0001,783.4746596844037
480,49.08515323591821,142.59534641478385,77.91305372805434,0.0002476,0.0001,778.0524841112314
481,48.78542526343786,140.11176742378234,78.79981673130972,0.00024772,0.0001,772.6790012371297
482,48.488574673255556,137.62818843278086,79.6865797345651,0.00024784,0.0001,767.3536739149292
483,48.1945667514029,136.2327147694454,80.57334273782048,0.00024796,0.0001,762.0759720201096
484,47.903367278727316,134.83724110610993,81.46010574107586,0.00024807999999999997,0.0001,756.8453723447
485,47.61494252280215,133.46961265785254,82.34686874433126,0.0002482,0.0001,751.6613584929978
486,47.32925922998587,132.10198420959514,83.23363174758664,0.00024832,0.0001,746.5234207790703
487,47.04628461762691,130.77719455376553,84.18251099986233,0.00024844,0.0001,741.4310561260056
488,46.76598636641141,129.45240489793593,85.131390252138,0.00024856,0.0001,736.3837679668784
489,46.48833261285097,128.139395910024,87.23584593015349,0.00024868,0.0001,731.3810661474004
490,46.21329194190745,126.82638692211205,89.34030160816899,0.0002488,0.0001,726.4224668302194
491,45.94083337975208,125.22635802493386,91.44368631637377,0.00024892,0.0001,721.5074924008401
492,45.670926386656184,123.62632912775567,93.54707102457857,0.00024904,0.0001,716.6356713751335
493,45.40354085001095,121.94169361553259,95.65152670259405,0.00024916,0.0001,711.8065383084048
494,45.13864707747341,120.25705810330949,97.75598238060954,0.00024928,0.0001,707.0196337059913
495,44.876215790236316,118.63132593067463,99.85936708881434,0.0002494,0.0001,702.2745039353613
496,44.61621811641939,117.00559375803978,101.96275179701914,0.00024952,0.0001,697.5707011396862
497,44.358625584579364,115.42484231745408,104.23856264474581,0.00024964000000000003,0.0001,692.9077831528568
498,44.10341011733664,113.84409087686839,106.51437349247249,0.00024976,0.0001,688.2853134159188
499,43.85054402511613,112.96803757171998,109.11361722302902,0.00024988,0.0001,683.7028608948996
500,43.6,112.09198426657154,111.71286095358555,0.00025,0.0001,679.16
501,43.351751109690184,111.19129865577713,114.31210468414208,0.0002528,0.0001,674.6563105061283
502,43.10577079157835,110.29061304498273,116.91134841469862,0.00025560000000000003,0.0001,670.1913774747485
503,42.86203284692138,109.81296050941279,119.51059214525515,0.0002584,0.0001,665.76479117702
504,42.62051143512004,109.33530797384284,122.10983587581168,0.0002612,0.0001,661.376147018205
505,42.381181068099096,108.07156359722288,124.70907960636822,0.000264,0.0001,657.0250454633193
506,42.14401660478661,106.8078192206029,127.30832333692477,0.00026680000000000003,0.0001,652.7110919640057
507,41.908993245690645,106.94169044693975,129.9075670674813,0.0002696,0.0001,648.4338968866043
508,41.67608652757141,107.0755616732766,132.50681079803783,0.0002724,0.0001,644.1930754414001
509,41.44527231820696,107.1805167147247,135.26027418133444,0.0002752,0.0001,639.9882476130272
510,41.21652681125069,107.28547175617281,138.01373756463104,0.00027800000000000004,0.0001,635.8190380920051
511,40.98982652117877,107.59391106165296,141.12811777413182,0.0002808,0.0001,631.6850762073899
512,40.765148278325796,107.9023503671331,144.2424979836326,0.0002836,0.0001,627.585995860518
513,40.542469224006965,108.64881632518744,147.35687819313338,0.0002864,0.0001,623.5214354598239
514,40.32176680572508,109.39528228324178,150.47125840263416,0.00028920000000000004,0.0001,619.4910378567115
515,40.103018772460786,110.92784008234618,153.58563861213494,0.000292,0.0001,615.4944502824598
516,39.8862031700443,112.46039788145058,156.70001882163572,0.0002948,0.0001,611.5313242861462
517,39.67129833660728,116.49795406777037,159.81439903113653,0.0002976,0.0001,607.6013156735667
518,39.45828289811312,120.53551025409016,162.9287792406373,0.00030040000000000004,0.0001,603.7040844471361
519,39.24713576396421,125.06785449295101,166.0431594501381,0.0003032,0.0001,599.8392947467514
520,39.03783612268477,129.60019873181187,169.15753965963884,0.000306,0.0001,596.0066147915999
521,38.83036343767769,135.61904906791722,172.53537844257056,0.0003088,0.0001,592.205716822895
522,38.62469744305403,141.6378994040226,175.9132172255023,0.00031160000000000004,0.0001,588.4362770475254
523,38.42081813953383,149.18502365998955,180.05358651364884,0.00031440000000000005,0.0001,584.6979755825982
524,38.218705790416834,156.73214791595655,184.19395580179534,0.0003172,0.0001,580.9904964008624
525,38.01834091762177,165.37273234864307,188.33432508994184,0.00032,0.0001,577.3135272769962
526,37.81970429779298,174.0133167813296,192.47469437808832,0.00032520000000000004,0.0001,573.6667597347434
527,37.62277695847306,183.36716710793888,196.61399269642413,0.0003304,0.0001,570.0498889948835
528,37.42754017434024,192.72101743454817,200.75329101475995,0.0003356,0.0001,566.4626139240197
529,37.233975463509395,203.34182504720957,204.89366030290648,0.00034080000000000004,0.0001,562.9046369841734
530,37.04206458389545,213.96263265987093,209.03402959105298,0.000346,0.0001,559.3756641831676
531,36.85178952963787,224.4559948650596,213.17761178863157,0.0003512,0.0001,555.8754050257883
532,36.66313252758532,234.94935707024828,217.32119398621018,0.0003564,0.0001,552.403572465707
533,36.47607603383925,243.11014702774347,221.348040474423,0.0003616,0.0001,548.9598828581559
534,36.29060273035529,251.27093698523865,225.3748869626358,0.0003668,0.0001,545.544055913336
535,36.10669552160141,258.84269354685165,229.40173345084867,0.00037200000000000004,0.0001,542.1558146505527
536,35.92433753127183,266.4144501084646,233.4285799390615,0.0003772,0.0001,538.79488535306
537,35.74351209905559,271.66220218086966,237.4447167291674,0.0003824,0.0001,535.4609975236049
538,35.564202777458796,276.9099542532747,241.46085351927331,0.0003876,0.0001,532.1538838406582
539,35.38639332867952,280.99034923202225,245.47699030937918,0.0003928,0.0001,528.8732801153208
540,35.210067721534465,285.0707442107699,249.49312709948506,0.000398,0.0001,525.6189252488923
541,35.03521012843633,285.2206799842671,253.65919966308826,0.0004032,0.0001,522.3905611910928
542,34.861804922421065,285.3706157577644,257.8252722266914,0.0004084,0.0001,519.1879328989241
543,34.68983667422396,282.1684160237867,262.00205448840154,0.00041359999999999997,0.0001,516.0107882961619
544,34.51929014940385,278.96621628980887,266.1788367501117,0.0004188,0.0001,512.8588782334658
545,34.35015030551439,273.0009144442383,270.35561901182183,0.000424,0.0001,509.73195644909885
546,34.18240228932165,267.0356125986677,274.53240127353195,0.00042919999999999997,0.0001,506.6297795302439
547,34.01603143406715,258.4464347168945,277.8202785923653,0.0004344,0.0001,503.5521068749087
548,33.851023256775534,249.85725683512135,281.1081559111987,0.0004396,0.0001,500.49870065440854
549,33.68736345560599,240.10072185969074,283.56067677769005,0.00044479999999999997,0.0001,497.4693257764166
550,33.52503790724677,230.34418688426015,286.0131976441814,0.00045,0.0001,494.4637498485735
551,33.36403266435191,221.39944702533631,287.80171722804187,0.0004636,0.0001,491.48174314264503
552,33.204333953019436,212.45470716641248,289.59023681190234,0.0004772,0.0001,488.5230785592199
553,33.04592817031033,204.7972730199439,290.7683036036667,0.0004908,0.0001,485.5875315929386
554,32.888801881807446,197.13983887347533,291.94637039543113,0.0005044,0.0001,482.67488029824324
555,32.73294181921377,190.87894936015292,291.9999188859658,0.000518,0.0001,479.78490525564087
556,32.578334877989256,184.6180598468305,292.0534673765006,0.0005316,0.0001,476.91738953847073
557,32.424968115025536,181.88494488993712,291.0467557544474,0.0005452,0.0001,474.0721186801685
558,32.27282874635784,179.1518299330437,290.0400441323942,0.0005588,0.0001,471.2488806420165
559,32.12190414491354,176.89529654190954,289.033332510341,0.0005724,0.0001,468.4474657813752
560,31.972181838296535,174.6387631507754,288.02662088828777,0.000586,0.0001,465.6676668203852
561,31.823649506606948,174.6569696375572,283.978355003861,0.0005996,0.0001,462.9092788151333
562,31.676294980295445,174.67517612433903,279.9300891194343,0.0006131999999999999,0.0001,460.1720991252747
563,31.530106238051644,178.14404734117983,275.36775772587396,0.0006268000000000001,0.0001,457.45592738410437
564,31.385071404725842,181.6129185580206,270.8054263323137,0.0006404,0.0001,454.7605654690669
565,31.241178749283783,188.51960286719205,266.1359979576839,0.000654,0.0001,452.08581747270443
566,31.09841668279352,195.4262871763635,261.46656958305414,0.0006676,0.0001,449.43148967402806
567,30.956773756444065,205.27064167627105,256.43301147278805,0.0006812000000000001,0.0001,446.79739051030987
568,30.816238659595175,215.11499617617864,251.39945336252202,0.0006948,0.0001,444.18333054928786
569,30.676800217857753,226.69217982979058,246.37660495036292,0.0007084000000000001,0.0001,441.5891224617773
570,30.538447391204308,238.2693634834025,241.3537565382038,0.000722,0.0001,439.014580994681
571,30.401169272108973,250.7890005704259,236.7164572578949,0.0007356,0.0001,436.4595229443924
572,30.264955083716554,263.30863765744937,232.07915797758594,0.0007492,0.0001,433.9237671305863
573,30.129794178040115,274.3824655000347,227.73102054616461,0.0007628,0.0001,431.40713437038795
574,29.9956760341866,285.45629334262003,223.3828831147433,0.0007764,0.0001,428.9094474529185
575,29.862590256610012,291.4323048862976,219.034745683322,0.00079,0.0001,426.43053111420636
576,29.730526573391632,297.4083164299751,214.68660825190068,0.0008504000000000001,0.0001,423.970212012462
577,29.59947483454693,295.2342477142645,210.33739985066865,0.0009108,0.0001,421.5283187037086
578,29.469425010358535,293.0601789985538,205.9881914494366,0.0009712,0.0001,419.104681617763
579,29.340367189734973,280.6797679869207,202.11235170453176,0.0010316000000000001,0.0001,416.6991330345617
580,29.21229157859465,268.2993569752876,198.23651195962694,0.001092,0.0001,414.31150706082633
581,29.085188498274658,250.09287019347423,194.63912436550277,0.0011524,0.0001,411.9416396070626
582,28.95904838396399,231.88638341166086,191.04173677137857,0.0012128,0.0001,409.5893683648881
583,28.83386178316075,208.68810634219852,187.44434917725437,0.0012732,0.0001,407.25453278468353
584,28.709619354152963,185.48982927273616,183.8469615831302,0.0013335999999999999,0.0001,404.9369740535614
585,28.58631186452253,163.96547801738996,179.88116037412695,0.001394,0.0001,402.636535073649
586,28.463930189671977,142.44112676204378,175.9153591651237,0.0014544,0.0001,400.3530604406778
587,28.342465311373672,124.13503978783577,171.15918223582764,0.0015148000000000002,0.0001,398.08639642287795
588,28.221908316340958,105.82895281362775,166.40300530653158,0.0015752000000000001,0.0001,395.8363909401699
589,28.102250394821006,91.47153153145184,159.03794591838272,0.0016356,0.0001,393.60289354364966
590,27.98348283920897,77.11411024927594,151.67288653023385,0.001696,0.0001,391.38575539536413
591,27.86559704268302,66.58540604033433,144.03044596111502,0.0017564,0.0001,389.1848292483704
592,27.74858449785998,56.05670183139272,136.3880053919962,0.0018168,0.0001,386.99996942707435
593,27.632436795471193,48.587758371606455,128.63632590218646,0.0018771999999999999,0.0001,384.8310318078462
594,27.517145623058305,41.11881491182019,120.88464641237671,0.0019376000000000003,0.0001,382.67787379990665
595,27.402702763688545,35.776817496074,113.45532883558616,0.001998,0.0001,380.5403543264798
596,27.289100094689346,30.434820080327814,106.02601125879559,0.0020584,0.0001,378.41833380620983
597,27.176329586401764,27.27760107839923,98.68558417629272,0.0021188,0.0001,376.31167413483587
598,27.06438330095259,24.120382076470648,91.34515709378985,0.0021792,0.0001,374.2202386671213
599,26.953253391044704,20.627949523794562,84.96967381072308,0.0022396,0.0001,372.1438921990351
600,26.842932098765438,17.13551697111848,78.59419052765631,0.0023,0.0001,370.0825009501786
601,26.73341175441263,15.700417424787307,75.77004313685384,0.00232,0.0001,368.03593254645665
602,26.624684775338075,14.265317878456136,72.94589574605136,0.00234,0.0001,366.0040560029869
603,26.51674366480809,12.830218332124964,70.12174835524891,0.00236,0.0001,363.98674170724576
604,26.409581010880892,11.395118785793791,67.29760096444645,0.00238,0.0001,361.98386140244594
605,26.303189485300592,10.488007356135206,64.47452454345468,0.0024,0.0001,359.99528817114214
606,26.197561842407374,9.580895926476622,61.65144812246291,0.00242,0.0001,358.0208964190619
607,26.092690918063795,9.201772613490625,58.8787072825738,0.00244,0.0001,356.06056185915816
608,25.98856962859677,8.822649300504628,56.10596644268469,0.00246,0.0001,354.1141614958796
609,25.885190969755076,8.443525987518631,53.33750948203836,0.00248,0.0001,352.1815736096557
610,25.782548015682114,8.064402674532635,50.56905252139203,0.0025,0.0001,350.26267774159334
611,25.68063391790364,7.685279361546639,48.28681585480119,0.00252,0.0001,348.35735467838174
612,25.57944190433031,7.306156048560642,46.00457918821035,0.00254,0.0001,346.4654864374023
613,25.47896527827463,6.927032735574646,43.78445877063981,0.0025599999999999998,0.0001,344.5869562520406
614,25.379197417482317,6.54790942258865,41.56433835306927,0.00258,0.0001,342.7216485571968
615,25.280131773177622,6.245895935972687,40.447316840514475,0.0026,0.0001,340.86944897499274
616,25.181761869122504,5.943882449356723,39.33029532795969,0.00262,0.0001,339.03024430067137
617,25.08408130068939,5.718978789110793,38.212202845594206,0.00264,0.0001,337.2039224886861
618,24.987083733947347,5.494075128864863,37.09411036322873,0.00266,0.0001,335.3903726389777
619,24.89076290476138,5.269171468618933,35.97601788086325,0.00268,0.0001,333.5894849834354
620,24.79511261790474,5.044267808373003,34.85792539849777,0.0027,0.0001,331.80115087253927
621,24.700126746183898,4.8193641481270735,34.010788278238095,0.00272,0.0001,330.02526276218197
622,24.605799229576174,4.594460487881143,33.16365115797843,0.00274,0.0001,328.261714200666
623,24.5121240743796,4.369556827635213,32.396836773520874,0.00276,0.0001,326.51039981587525
624,24.419095352374992,4.144653167389283,31.630022389063328,0.00278,0.0001,324.7712153026165
625,24.3267072,3.9668721788139285,30.86213703479508,0.0028,0.0001,323.0440574101305
626,24.234953817534855,3.789091190238574,30.09425168052683,0.002816,0.0001,321.32882392976796
627,24.14382946829973,3.658432873333796,29.41632779035696,0.002832,0.0001,319.6254136828292
628,24.053328477863527,3.527774556429017,28.738403900187084,0.002848,0.0001,317.9337265085653
629,23.963445233263812,3.3971162395242387,28.15472535335836,0.002864,0.0001,316.25366325233716
630,23.874174182237866,3.2664579226194603,27.571046806529637,0.00288,0.0001,314.5851257539312
631,23.785509832464523,3.1357996057146824,26.987368259700915,0.002896,0.0001,312.92801683602914
632,23.697446750816773,3.005141288809904,26.40368971287219,0.002912,0.0001,311.282240292829
633,23.609979562624833,2.8744829719051257,25.86820480752474,0.002928,0.0001,309.6477008788163
634,23.52310295094964,2.743824655000347,25.33271990217729,0.002944,0.0001,308.0243042976815
635,23.436811655866478,2.653863190901975,24.988938592944223,0.00296,0.0001,306.4119571913838
636,23.35110047375869,2.563901726803603,24.645157283711157,0.002976,0.0001,304.8105671293568
637,23.265964256621274,2.514637115511637,24.300305004667397,0.002992,0.0001,303.2200425978556
638,23.18139791137417,2.4653725042196717,23.955452725623637,0.0030080000000000003,0.0001,301.6402929894428
639,23.097396399185172,2.4161078929277062,23.61167141639057,0.003024,0.0001,300.0712285926111
640,23.013954734802248,2.3668432816357403,23.267890107157505,0.00304,0.0001,298.5127605815406
641,22.931067985895126,2.3175786703437744,22.924108797924443,0.003056,0.0001,296.96480100598956
642,22.84873127240607,2.268314059051809,22.58032748869138,0.003072,0.0001,295.4272627813152
643,22.766939765909598,2.2190494477598435,22.236546179458315,0.003088,0.0001,293.9000596786245
644,22.685688688981106,2.1697848364678776,21.89276487022525,0.003104,0.0001,292.3831063150511
645,22.604973314574174,2.130158953472166,21.56258487758801,0.0031200000000000004,0.0001,290.87631814415886
646,22.52478896540652,2.0905330704764546,21.23240488495077,0.003136,0.0001,289.3796114464677
647,22.445131013354327,2.060545915776997,20.944635296817047,0.0031520000000000003,0.0001,287.8929033201017
648,22.365994878855,2.0305587610775397,20.656865708683327,0.0031680000000000002,0.0001,286.41611167155764
649,22.28737603031803,2.0005716063780827,20.369096120549607,0.003184,0.0001,284.949155206591
650,22.20926998354399,1.9705844516786255,20.081326532415886,0.0032,0.0001,283.4919534212191
651,22.131672301151482,1.9405972969791683,19.793556944282166,0.003238,0.0001,282.0444265928388
652,22.05457859201187,1.9106101422797108,19.505787356148446,0.0032760000000000003,0.0001,280.60649577145824
653,21.977984510691776,1.8806229875802534,19.218017768014725,0.003314,0.0001,279.1780827710389
654,21.901885756903162,1.850635832880796,18.930248179881,0.003352,0.0001,277.75911016094886
655,21.82627807496084,1.8227906178027284,18.64247859174728,0.0033900000000000002,0.0001,276.3495012575246
656,21.75115725324744,1.794945402724661,18.35470900361356,0.003428,0.0001,274.9491801157386
657,21.67651912368555,1.7692421272679832,18.066939415479837,0.0034660000000000003,0.0001,273.55807152097384
658,21.602359561217042,1.7435388518113055,17.779169827346117,0.003504,0.0001,272.17610098090097
659,21.52867448328943,1.727474304650882,17.52845579466244,0.003542,0.0001,270.8031947174591
660,21.455459849349154,1.7114097574904585,17.277741761978767,0.0035800000000000003,0.0001,269.439279658937
661,21.382711660341712,1.6964161801407296,17.046733573811874,0.003618,0.0001,268.0842834321535
662,21.31042595821848,1.6814226027910009,16.81572538564498,0.003656,0.0001,266.7381343547375
663,21.238598825450204,1.6664290254412721,16.584610100497024,0.0036940000000000002,0.0001,265.40076142750314
664,21.16722638454698,1.6514354480915434,16.353494815349062,0.003732,0.0001,264.0720943269217
665,21.09630479758466,1.6364418707418147,16.12248662718217,0.00377,0.0001,262.752063397687
666,21.02583026573765,1.6214482933920862,15.891478439015277,0.003808,0.0001,261.4405996453738
667,20.95579902881786,1.6085966556637474,15.660470250848388,0.003846,0.0001,260.137634729188
668,20.886207364819867,1.5957450179354087,15.429462062681498,0.0038840000000000003,0.0001,258.8431009548064
669,20.817051589472108,1.5850353198284595,15.198453874514605,0.003922,0.0001,257.55693126730625
670,20.748328055794016,1.5743256217215102,14.967445686347714,0.00396,0.0001,256.27905924418195
671,20.68003315365909,1.5636159236145613,14.736437498180823,0.003998,0.0001,255.0094190884486
672,20.612163309363687,1.5529062255076123,14.505429310013934,0.004036,0.0001,253.74794562183087
673,20.544714985201573,1.5411255575899685,14.28802243844287,0.004074,0.0001,252.494574278036
674,20.47768467904406,1.5293448896723245,14.070615566871803,0.004112,0.0001,251.24924109610956
675,20.411068923925704,1.5197061613760703,13.874520994533565,0.00415,0.0001,250.01188271387346
676,20.344864287635428,1.510067433079816,13.67842642219533,0.004224,0.0001,248.78243636144455
677,20.27906737231307,1.5025706444049518,13.48233184985709,0.004298,0.0001,247.56083985483264
678,20.213674814051174,1.4950738557300876,13.286237277518852,0.004372,0.0001,246.34703158961707
679,20.14868328250205,1.4907899764873078,13.090142705180616,0.004446,0.0001,245.14095053470115
680,20.084089480489933,1.4865060972445283,12.89404813284238,0.00452,0.0001,243.9425362261424
681,20.01989014362826,1.4822222180017488,12.697953560504143,0.004594,0.0001,242.75172876105856
682,19.956082039941894,1.477938338758969,12.501858988165905,0.004668,0.0001,241.56846879160742
683,19.8926619694943,1.4736544595161893,12.305871512808737,0.004742,0.0001,240.39269751904067
684,19.82962676401956,1.4693705802734096,12.10988403745157,0.004816,0.0001,239.2243566878294
685,19.766973286559203,1.4650867010306303,11.913789465113332,0.00489,0.0001,238.06338857986114
686,19.704698431103665,1.4608028217878508,11.717694892775095,0.004964,0.0001,236.90973600870726
687,19.642799122238507,1.4650867010306303,11.521600320436859,0.005038,0.0001,235.76334231395987
688,19.581272314795086,1.4693705802734096,11.325505748098623,0.005112,0.0001,234.62415135563697
689,19.520114993505857,1.4736544595161893,11.156720905933106,0.0051860000000000005,0.0001,233.492107508655
690,19.459324172664015,1.477938338758969,10.987936063767588,0.00526,0.0001,232.36715565736856
691,19.39889689578761,1.4822222180017488,10.850102249131155,0.005334,0.0001,231.24924119017544
692,19.338830235287904,1.4865060972445283,10.71226843449472,0.0054080000000000005,0.0001,230.1383099941863
693,19.279121292142047,1.4907899764873078,10.574541716839356,0.005482,0.0001,229.03430844995876
694,19.219767195569908,1.4950738557300876,10.43681499918399,0.005556,0.0001,227.93718342629438
695,19.160765102715054,1.5025706444049518,10.298981184547557,0.0056300000000000005,0.0001,226.84688227509778
696,19.102112198329827,1.510067433079816,10.161147369911122,0.005704,0.0001,225.7633528262975
697,19.043805694464403,1.5207771311867653,10.023313555274687,0.005778,0.0001,224.68654338282698
698,18.98584283015986,1.5314868292937145,9.885479740638251,0.005852,0.0001,223.61640271566594
699,18.92822087114511,1.5421965274006633,9.746789150153262,0.005926,0.0001,222.55288005894013
700,18.870937109537696,1.5529062255076123,9.60809855966827,0.006,0.0001,221.49592510508
701,18.8139888635484,1.5636159236145613,9.465445380883711,0.006396,0.0001,220.44548800003594
702,18.757373477189578,1.5743256217215102,9.32279220209915,0.006792,0.0001,219.40151933855103
703,18.70108831998718,1.5850353198284595,9.180246120295656,0.007188,0.0001,218.3639701594892
704,18.645130786696434,1.5957450179354087,9.037700038492165,0.0075840000000000005,0.0001,217.3327919412187
705,18.589498297021095,1.6085966556637474,8.895046859707604,0.007980000000000001,0.0001,216.30793659705026
706,18.534188295336218,1.6214482933920862,8.752393680923042,0.008376,0.0001,215.28935647072836
707,18.479198250414456,1.6364418707418147,8.615952127040511,0.008772,0.0001,214.2770043319765
708,18.42452565515577,1.6514354480915434,8.479510573157981,0.009168,0.0001,213.27083337209382
709,18.370168026320528,1.6664290254412721,8.364274221527209,0.009564,0.0001,212.270797199604
710,18.31612290426596,1.6814226027910009,8.249037869896437,0.00996,0.0001,211.2768498359549
711,18.262387852685883,1.6964161801407296,8.133694421284595,0.010356,0.0001,210.2889457112685
712,18.20896045835373,1.7114097574904585,8.018350972672755,0.010752000000000001,0.0001,209.3070396601405
713,18.155838330868704,1.726403334840187,7.903114621041982,0.011148000000000002,0.0001,208.33108691748902
714,18.103019102405177,1.7413969121899158,7.787878269411209,0.011544000000000002,0.0001,207.36104311445132
715,18.050500427465124,1.7596033989717292,7.672641917780439,0.01194,0.0001,206.3968642743289
716,17.99827998263371,1.7778098857535425,7.557405566149668,0.012336,0.0001,205.43850680857878
717,17.94635546633784,1.7992292819674405,7.442169214518896,0.012732,0.0001,204.48592751285213
718,17.894724598607745,1.8206486781813385,7.326932862888124,0.013128,0.0001,203.53908356307832
719,17.843385120841468,1.8420680743952367,7.213410062954464,0.013524000000000001,0.0001,202.59793251159437
720,17.792334795572323,1.8634874706091349,7.099887263020805,0.013920000000000002,0.0001,201.66243228331905
721,17.741571406239164,1.8849068668230329,6.990862536292063,0.014316,0.0001,200.7325411719714
722,17.691092756959492,1.906326263036931,6.881837809563321,0.014712000000000001,0.0001,199.80821783633226
723,17.640896672305384,1.927745659250829,6.772813082834579,0.015108000000000002,0.0001,198.8894212965494
724,17.59098099708213,1.949165055464727,6.663788356105838,0.015504,0.0001,197.97611093048465
725,17.541343596109613,1.97165542148932,6.554656532396027,0.0159,0.0001,197.0682464701032
726,17.491982354006335,1.9941457875139132,6.445524708686217,0.016304000000000003,0.0001,196.16578799790406
727,17.442895174976133,2.017707123349201,6.309297348765825,0.016708,0.0001,195.26869594339166
728,17.39407998259744,2.041268459184489,6.173069988845433,0.017112000000000002,0.0001,194.37693107958725
729,17.345534719615152,2.064829795019777,6.0375923077925275,0.017516,0.0001,193.49045451958062
730,17.297257347735027,2.088391130855065,5.902114626739623,0.017920000000000002,0.0001,192.60922771312096
731,17.24924584742054,2.111952466690353,5.902114626739623,0.018324,0.0001,191.73321244324615
732,17.201498217692276,2.135513802525641,5.902114626739623,0.018728,0.0001,190.8623708229509
733,17.154012475929697,2.1590751383609286,5.902114626739623,0.019132,0.0001,189.99666529189227
734,17.106786657675322,2.1826364741962165,5.902114626739623,0.019536,0.0001,189.13605861313283
735,17.059818816441283,2.212623628895674,5.9009365599478585,0.01994,0.0001,188.28051386992036
736,17.013107023518213,2.242610783595131,5.899758493156094,0.020344,0.0001,187.42999446250406
737,16.966649367786427,2.2790237571587575,5.896331389761871,0.020748,0.0001,186.58446410498703
738,16.920443955529397,2.3154367307223844,5.892904286367647,0.021152,0.0001,185.74388682221365
739,16.87448891024943,2.3518497042860114,5.9341366240794,0.021556,0.0001,184.90822694669222
740,16.82878237248561,2.3882626778496383,5.975368961791154,0.02196,0.0001,184.07744911555238
741,16.783322499633872,2.4246756514132652,6.097887908134651,0.022364,0.0001,183.2515182675365
742,16.73810746576927,2.461088624976892,6.220406854478148,0.022768,0.0001,182.43039964002483
743,16.69313546147034,2.4975015985405187,6.342925800821645,0.023171999999999998,0.0001,181.61405876609376
744,16.648404693645567,2.533914572104145,6.465444747165142,0.023576,0.0001,180.8024614716074
745,16.60391338536194,2.5724694852891616,6.6224489214130156,0.02398,0.0001,179.9955738723411
746,16.559659775675506,2.6110243984741786,6.779453095660888,0.024384,0.0001,179.19336237113762
747,16.51564211946399,2.651721251280585,6.959376023857632,0.024787999999999998,0.0001,178.39579365509428
748,16.471858687261353,2.692418104086992,7.139298952054376,0.025192,0.0001,177.60283469278215
749,16.428307765094353,2.733114956893398,7.332073517979459,0.025596,0.0001,176.81445273149546
750,16.384987654320987,2.7738118096998043,7.5248480839045415,0.026,0.0001,176.03061529453174
751,16.34189667147092,2.814508662506211,7.819578975807779,0.02592,0.0001,175.25129017850242
752,16.299033148087705,2.8552055153126172,8.114309867711018,0.02584,0.0001,174.47644545067257
753,16.25639543057295,2.8959023681190237,8.18510097219795,0.025759999999999998,0.0001,173.70604944633044
754,16.213981880032268,2.9365992209254297,8.255892076684884,0.025679999999999998,0.0001,172.94007076618595
755,16.17179087212304,2.9730121944890566,8.306013463825405,0.025599999999999998,0.0001,172.17847827379777
756,16.129820796903978,3.009425168052683,8.356134850965928,0.025519999999999998,0.0001,171.4212410930286
757,16.088070058686466,3.0415542623735305,8.356134850965928,0.02544,0.0001,170.66832860552879
758,16.046537075887603,3.0736833566943775,8.356134850965928,0.02536,0.0001,169.91971044824706
759,16.005220280884995,3.1058124510152245,8.32411285362615,0.02528,0.0001,169.1753565109689
760,15.964118119873238,3.137941545336072,8.292090856286372,0.0252,0.0001,168.43523693388178
761,15.923229052722053,3.1700706396569194,8.184779681254742,0.02512,0.0001,167.69932210516686
762,15.882551552836114,3.2021997339777664,8.077468506223113,0.02504,0.0001,166.9675826586171
763,15.84208410701645,3.2343288282986133,7.946595995356196,0.02496,0.0001,166.23998947128143
764,15.801825215323515,3.2664579226194603,7.815723484489278,0.02488,0.0001,165.5165136611343
765,15.761773390941798,3.3007289565616973,7.6844225856980835,0.0248,0.0001,164.79712658477087
766,15.721927160046038,3.3349999905039343,7.553121686906888,0.02472,0.0001,164.08179983512693
767,15.682285061668953,3.371412964067561,7.421392400191414,0.02464,0.0001,163.37050523922377
768,15.642845647570528,3.4078259376311877,7.289663113475941,0.02456,0.0001,162.66321485593738
769,15.603607482108783,3.4442389111948146,7.157291244874051,0.024480000000000002,0.0001,161.9599009737919
770,15.564569142112058,3.4806518847584416,7.024919376272162,0.0244,0.0001,161.2605361087765
771,15.52572921675273,3.517064858322068,6.892547507670271,0.02432,0.0001,160.5650930021865
772,15.487086307422416,3.553477831885695,6.76017563906838,0.02424,0.0001,159.87354461848705
773,15.4486390276086,3.589890805449322,6.627803770466489,0.02416,0.0001,159.18586414320023
774,15.41038600277265,3.6263037790129493,6.495431901864599,0.02408,0.0001,158.50202498081475
775,15.372325870229263,3.6584328733337963,6.363060033262709,0.024,0.0001,157.822000752718
776,15.334457279027262,3.6905619676546433,6.230688164660818,0.02384,0.0001,157.14576529515037
777,15.296778889831774,3.7184071827327108,6.100136944737109,0.02368,0.0001,156.47329265718142
778,15.259289374807725,3.7462523978107782,5.969585724813401,0.02352,0.0001,155.80455709870765
779,15.221987417504696,3.7740976128888457,5.8642022954410225,0.02336,0.0001,155.13953308847178
780,15.184871712743051,3.8019428279669136,5.758818866068644,0.023200000000000002,0.0001,154.47819530210305
781,15.147940966501391,3.8297880430449807,5.653435436696265,0.02304,0.0001,153.82051862017823
782,15.11119389580525,3.857633258123048,5.548052007323886,0.02288,0.0001,153.1664781263037
783,15.074629228617077,3.8854784732011156,5.442668577951507,0.02272,0.0001,152.51604910521743
784,15.038245703727458,3.913323688279183,5.337285148579129,0.02256,0.0001,151.86920704091136
785,15.00204207064755,3.937955993925166,5.23190171920675,0.0224,0.0001,151.2259276147737
786,14.966017089502753,3.962588299571149,5.1265182898343715,0.02224,0.0001,150.58618670375057
787,14.930169530927547,3.9840076957850465,5.031309073663595,0.02208,0.0001,149.94996037852758
788,14.89449817596155,4.0054270919989445,4.936099857492818,0.021920000000000002,0.0001,149.3172249017301
789,14.859001815946716,4.026846488212843,4.853099697163962,0.02176,0.0001,148.68795672614291
790,14.823679252425686,4.048265884426741,4.770099536835107,0.0216,0.0001,148.0621324929482
791,14.7885292970413,4.069685280640639,4.687099376506252,0.02144,0.0001,147.43972902998254
792,14.753550771437205,4.091104676854537,4.604099216177397,0.02128,0.0001,146.82072335001175
793,14.71874250715959,4.112524073068435,4.521099055848541,0.02112,0.0001,146.20509264902415
794,14.684103345560022,4.133943469282333,4.438098895519687,0.02096,0.0001,145.5928143045415
795,14.649632137699358,4.172498382467349,4.368914245748796,0.0208,0.0001,144.98386587394776
796,14.615327744252706,4.211053295652366,4.299729595977905,0.02064,0.0001,144.3782250928352
797,14.581189035415491,4.266743725808501,4.244574650727118,0.02048,0.0001,143.77586987336787
798,14.547214890810505,4.322434155964637,4.18941970547633,0.02032,0.0001,143.17677830266192
799,14.513404199396039,4.3459954917999255,4.134157663244473,0.02016,0.0001,142.5809286411832
800,14.479755859375,4.369556827635213,4.078895621012616,0.02,0.0001,141.98829932116104
801,14.446268778105043,4.4016859219560605,4.031023270474553,0.0199858,0.0001,141.39886894501882
802,14.412941872009704,4.433815016276907,3.9831509199364907,0.0199716,0.0001,140.8126162838206
803,14.379774066490487,4.455234412490805,3.965051530135747,0.0199574,0.0001,140.22952027573413
804,14.34676429583995,4.476653808704703,3.9469521403350036,0.0199432,0.0001,139.64956002450944
805,14.313911503155726,4.498073204918601,3.92874565355319,0.019929000000000002,0.0001,139.07271479797348
806,14.281214640255513,4.5194926011325,3.9105391667713763,0.0199148,0.0001,138.49896402653982
807,14.248672667592944,4.551621695453347,3.8924397769706323,0.0199006,0.0001,137.92828730173426
808,14.216284554174454,4.583750789774194,3.8743403871698887,0.019886400000000002,0.0001,137.3606643747353
809,14.18404927747699,4.605170185988092,3.857097773217701,0.0198722,0.0001,136.79607515492964
810,14.15196582336666,4.62658958220199,3.8398551592655132,0.019858,0.0001,136.2344997084826
811,14.120033186018254,4.648008978415888,3.82582545474541,0.0202629,0.0001,135.67591825692296
812,14.088250367835641,4.669428374629787,3.8117957502253064,0.0206678,0.0001,135.1203111757429
813,14.05661637937305,4.690847770843684,3.7977660457052034,0.0210727,0.0001,134.56765899301155
814,14.02513023925717,4.712267167057582,3.7837363411851,0.0214776,0.0001,134.01794238800292
815,13.993790974110151,4.731544623650091,3.7695995396839272,0.0218825,0.0001,133.47114218983822
816,13.962597618473387,4.7508220802425996,3.7554627381827546,0.022287400000000002,0.0001,132.92723937614164
817,13.93154921473215,4.789376993427616,3.741433033662651,0.022692300000000002,0.0001,132.3862150717098
818,13.90064481304105,4.827931906612632,3.7274033291425477,0.023097200000000002,0.0001,131.8480505471949
819,13.869883471250262,4.8664868197976485,3.7211917042405176,0.0235021,0.0001,131.31272721780118
820,13.839264254832594,4.905041732982665,3.714980079338487,0.023907,0.0001,130.78022664199457
821,13.808786236811311,4.943596646167682,3.714551691414209,0.0247256,0.0001,130.25053052022548
822,13.778448497688746,4.982151559352698,3.7141233034899312,0.0255442,0.0001,129.72362069366457
823,13.748250125375678,5.020706472537714,3.713802012546722,0.026362800000000002,0.0001,129.199479142951
824,13.718190215121464,5.059261385722731,3.7134807216035135,0.0271814,0.0001,128.6780879869536
825,13.688267869444932,5.090319510232884,3.7130523336792356,0.028,0.0001,128.15942948154466
826,13.658482198065997,5.121377634743037,3.712623945754958,0.0282138,0.0001,127.64348601838554
827,13.62883231783802,5.144938970578324,3.71230265481175,0.0284276,0.0001,127.13024012372503
828,13.599317352680886,5.168500306413612,3.7119813638685413,0.0286414,0.0001,126.61967445720948
829,13.569936433514803,5.1920616422489,3.7115529759442634,0.0288552,0.0001,126.11177181070508
830,13.540688698194781,5.215622978084188,3.711124588019985,0.029069,0.0001,125.60651510713166
831,13.511573291445854,5.239184313919475,3.7108032970767764,0.0296328,0.0001,125.10388739930836
832,13.482589364798939,5.262745649754763,3.7104820061335677,0.0301966,0.0001,124.60387186881098
833,13.453736076527415,5.286306985590051,3.71005361820929,0.0307604,0.0001,124.10645182484032
834,13.425012591584347,5.3098683214253395,3.709625230285012,0.0313242,0.0001,123.61161070310226
835,13.3964180815404,5.335571596882017,3.7093039393418037,0.031888,0.0001,123.11933206469864
836,13.367951724522396,5.3612748723386945,3.7089826483985955,0.0324518,0.0001,122.62959959502942
837,13.339612705152506,5.389120087416762,3.7085542604743176,0.0330156,0.0001,122.14239710270563
838,13.311400214488112,5.416965302494829,3.7081258725500397,0.0335794,0.0001,121.65770851847314
839,13.283313449962284,5.444810517572897,3.7078045816068306,0.0341432,0.0001,121.17551789414712
840,13.25535161532489,5.472655732650964,3.707483290663622,0.034707,0.0001,120.69580940155699
841,13.227513920584322,5.500500947729033,3.7070549027393445,0.0355363,0.0001,120.21856733150187
842,13.199799581949824,5.528346162807101,3.706626514815067,0.0363656,0.0001,119.74377609271633
843,13.172207821774455,5.556191377885169,3.70598393292865,0.0371949,0.0001,119.27142021084636
844,13.144737868498613,5.584036592963235,3.7053413510422333,0.0380242,0.0001,118.80148432743535
845,13.117388956594173,5.603314049555744,3.7048058661368852,0.0388535,0.0001,118.33395319892023
846,13.090160326509192,5.622591506148252,3.7042703812315376,0.0396828,0.0001,117.86881169563726
847,13.06305122461322,5.633301204255201,3.7036277993451208,0.040512099999999995,0.0001,117.40604480083775
848,13.036060903143136,5.644010902362149,3.702985217458704,0.0413414,0.0001,116.94563760971333
849,13.009188620149589,5.654720600469098,3.7024497325533567,0.0421707,0.0001,116.4875753284309
850,12.982433639443975,5.665430298576047,3.7019142476480096,0.043,0.0001,116.0318432731769
851,12.955795230545956,5.676139996682997,3.7012716657615927,0.043375899999999995,0.0001,115.5784268692109
852,12.929272668631564,5.686849694789946,3.7006290838751754,0.0437518,0.0001,115.12731164992861
853,12.902865234481776,5.697559392896895,3.700093598969828,0.0441277,0.0001,114.67848325593386
854,12.876572214431695,5.708269091003843,3.69955811406448,0.0445036,0.0001,114.23192743411967
855,12.850392900320193,5.726475577785656,3.698915532178063,0.0448795,0.0001,113.78763003675826
856,12.824326589440108,5.7446820645674705,3.698272950291646,0.0452554,0.0001,113.3455770205999
857,12.798372584488952,5.7703853400241485,3.7030923144397736,0.0456313,0.0001,112.9057544459806
858,12.772530193520113,5.796088615480826,3.7079116785879007,0.0460072,0.0001,112.46814847593822
859,12.746798729894568,5.8217918909375035,3.712945236698167,0.046383100000000003,0.0001,112.03274537533743
860,12.72117751223309,5.8474951663941805,3.717978794808433,0.046759,0.0001,111.59953151000286
861,12.695665864368944,5.8731984418508585,3.723012352918699,0.047283,0.0001,111.16849334586087
862,12.67026311530107,5.898901717307536,3.728045911028965,0.047807,0.0001,110.7396174480894
863,12.644968599147736,5.924604992764214,3.7329723721581614,0.048331,0.0001,110.3128904802762
864,12.61978165510068,5.950308268220893,3.7378988332873573,0.048855,0.0001,109.88829920358494
865,12.594701627379706,5.969585724813401,3.7429323913976233,0.049379,0.0001,109.46583047592955
866,12.569727865187751,5.988863181405909,3.7479659495078894,0.049902999999999996,0.0001,109.0454712511564
867,12.544859722666404,6.001714819134248,3.7529995076181555,0.050427,0.0001,108.62720857823435
868,12.520096558851883,6.014566456862586,3.7580330657284216,0.050950999999999996,0.0001,108.21102960045246
869,12.495437737631445,6.027418094590925,3.7688498608164402,0.051475,0.0001,107.79692155462561
870,12.470882627700263,6.040269732319264,3.779666655904459,0.051999,0.0012906958612637683,107.38487177030741
871,12.44643060251872,6.053121370047603,3.7906976449546166,0.0527992,0.0010801757680723874,106.97486766901098
872,12.422081040270141,6.065973007775942,3.801728634004774,0.0535994,0.0014888060704354846,106.56689676343677
873,12.397833323818944,6.07882464550428,3.8127596230549314,0.0543996,0.0024507149185101404,106.16094665670809
874,12.37368684066923,6.091676283232619,3.823790612105089,0.0551998,0.002787930437009805,105.75700504161372
875,12.349640982923782,6.105598890771653,3.834821601155247,0.056,0.0036663458192830105,105.35505969985779
876,12.325695147243474,6.119521498310688,3.845852590205405,0.0559956,0.0047916183060007535,104.9550985013167
877,12.301848734807086,6.134515075660417,3.8568835792555625,0.0559912,0.0056338861941893385,104.55710940330322
878,12.278101151271532,6.149508653010146,3.8679145683057197,0.0559868,0.006836020270575872,104.16108044983751
879,12.254451806732492,6.164502230359874,3.878945557355877,0.0559824,0.007676327401516851,103.76699977092491
880,12.230900115685406,6.179495807709602,3.8899765464060345,0.055978,0.00851356324516792,103.3748555818408
881,12.207445496986898,6.19448938505933,3.899079789796941,0.0564234,0.009565845412974191,102.98463618242204
882,12.184087373816572,6.209482962409059,3.9081830331878478,0.0568688,0.011036714897889726,102.59632995636507
883,12.160825173639171,6.224476539758788,3.917179179597685,0.0573142,0.012944269605697193,102.20992537053083
884,12.137658328167142,6.239470117108517,3.926175326007522,0.0577596,0.014475662842106263,101.8254109742559
885,12.114586273323553,6.252321754836856,3.9352785693984287,0.058205,0.013740711234510245,101.44277539867049
886,12.091608449205397,6.265173392565195,3.9443818127893353,0.0586504,0.016123236862556227,101.06200735602248
887,12.068724300047231,6.275883090672144,3.953377959199173,0.0590958,0.017165854152211515,100.68309563900806
888,12.04593327418522,6.2865927887790924,3.9623741056090105,0.0595412,0.017147245021331324,100.30602912010846
889,12.023234824021493,6.297302486886042,3.9721199308863335,0.0599866,0.01966008247679585,99.93079675093308
890,12.000628405988879,6.308012184992991,3.981865756163657,0.060432,0.021684321836941387,99.55738756156853
891,11.978113480515985,6.31872188309994,3.991611581440981,0.0611888,0.02299920344751019,99.18579065993391
892,11.95568951199262,6.329431581206888,4.001357406718305,0.0619456,0.024855860387733464,98.81599523114211
893,11.933355968735555,6.340141279313838,4.011103231995628,0.0627024,0.026794360534145977,98.44799053686693
894,11.911112322954628,6.350850977420787,4.020849057272952,0.06345920000000001,0.02793363768983093,98.08176591471616
895,11.888958050719168,6.361560675527736,4.030594882550275,0.064216,0.029236300998196327,97.71731077761058
896,11.866892631924784,6.372270373634685,4.040340707827599,0.0649728,0.030879411133826046,97.3546146131686
897,11.844915550260424,6.382980071741635,4.050086533104922,0.0657296,0.032898719880023186,96.99366698309659
898,11.823026293175815,6.393689769848583,4.059832358382246,0.0664864,0.0342568738641513,96.63445752258502
899,11.801224351849182,6.404399467955532,4.069685280640639,0.0672432,0.035496811172953016,96.27697593971003
900,11.779509221155314,6.415109166062481,4.079538202899033,0.068,0.0378968515024915,95.92121201484048
901,11.757880399633894,6.42581886416943,4.088105961384592,0.0684913,0.040981410183306546,95.56715560005087
902,11.73633738945821,6.436528562276378,4.096673719870151,0.0689826,0.0435204568285149,95.214796618539
903,11.714879696404093,6.447238260383328,4.1030995387343205,0.0694739,0.045505660848012865,94.86412506404974
904,11.69350682981922,6.457947958490277,4.10952535759849,0.0699652,0.048083694537392904,94.5151310003035
905,11.672218302592688,6.466515716975837,4.11584407948159,0.0704565,0.05089829476802206,94.16780456043028
906,11.651013631124865,6.475083475461397,4.12216280136469,0.0709478,0.05072355446910941,93.82213594640889
907,11.629892335297592,6.481509294325566,4.128481523247789,0.0714391,0.053075157869277224,93.47811542851112
908,11.608853938444604,6.487935113189735,4.134800245130889,0.0719304,0.05651878610510553,93.13573334475127
909,11.58789796732229,6.494360932053905,4.141226063995059,0.0724217,0.058966596029525406,92.79498010034051
910,11.567023952080701,6.500786750918074,4.147651882859228,0.072913,0.06183589156459376,92.4558461671464
911,11.546231426234876,6.507212569782244,4.153970604742328,0.07654870000000001,0.06488399517482048,92.1183220831571
912,11.525519926636397,6.513638388646413,4.160289326625428,0.0801844,0.06820597716110241,91.78239845195073
913,11.504888993445267,6.520064207510583,4.164251914924999,0.08382010000000001,0.07121936308322392,91.44806594216946
914,11.48433817010201,6.526490026374751,4.16821450322457,0.0874558,0.07260270478870952,91.11531528699832
915,11.463867003300088,6.5318448754282254,4.167250630394945,0.0910915,0.07770477065000249,90.78413728364886
916,11.44347504295855,6.5371997244817,4.16628675756532,0.09472720000000001,0.0797619755906506,90.45452279284738
917,11.423161842194947,6.54148360372448,4.165429981716764,0.0983629,0.08015850874894291,90.12646273832803
918,11.402926957298522,6.5457674829672605,4.164573205868209,0.10199860000000001,0.08371165668405496,89.79994810633012
919,11.382769947703643,6.55005136221004,4.163609333038583,0.10563430000000001,0.08640172754949389,89.47496994510041
920,11.362690375963492,6.554335241452819,4.1626454602089575,0.10927,0.08785787563265977,89.15151936439956
921,11.342687807724017,6.558619120695599,4.161788684360401,0.116216,0.08868178316012057,88.82958753501327
922,11.322761811698108,6.562902999938379,4.160931908511844,0.123162,0.09044130705177397,88.50916568826767
923,11.302911959640044,6.5671868791811585,4.159860938701149,0.130108,0.09269505742508041,88.19024511554922
924,11.283137826320173,6.5714707584239385,4.158789968890455,0.137054,0.09287034776369539,87.87281716782877
925,11.263438989499834,6.570399788613243,4.1473305919160195,0.144,0.09406468905829193,87.55687325519004
926,11.243815029906509,6.569328818802548,4.135871214941584,0.14979199999999998,0.09509575263388469,87.24240484636228
927,11.224265531209223,6.562902999938379,4.124411837967148,0.155584,0.09436086298105831,86.92940346825714
928,11.204790079994172,6.556477181074208,4.112952460992713,0.161376,0.09523097215926396,86.61786070550964
929,11.185388265740585,6.55005136221004,4.101600180999347,0.167168,0.09562650151430316,86.30776820002336
930,11.166059680796794,6.54362554334587,4.090247901005982,0.17296,0.09496295052752673,85.99911765051952
931,11.146803920356573,6.537199724481701,4.059296873476899,0.182401,0.0927454999630687,85.69190081209037
932,11.12762058243565,6.53077390561753,4.028345845947816,0.191842,0.09061183014985763,85.38610949575619
933,11.10850926784848,6.524348086753362,3.9889341569142434,0.201283,0.08984332911085985,85.08173556802662
934,11.089469580185211,6.517922267889192,3.949522467880671,0.210724,0.08778295484329911,84.77877095046567
935,11.07050112578888,6.513638388646412,3.9102178758281676,0.220165,0.08083200532555763,84.47720761926061
936,11.051603513732825,6.509354509403632,3.8709132837756646,0.229606,0.08442684729706926,84.17703760479478
937,11.032776355798285,6.507212569782242,3.8315015947420923,0.239047,0.08069682151442255,83.87825299122414
938,11.014019266452253,6.505070630160852,3.7920899057085196,0.248488,0.07511034896101543,83.58084591605763
939,10.995331862825488,6.502928690539463,3.7526782166749473,0.257929,0.07082261164473938,83.28480856974105
940,10.976713764690766,6.500786750918074,3.713266527641375,0.26737,0.06657256455244696,82.990133195245
941,10.958164594441334,6.498644811296685,3.6738548386078023,0.279633,0.06025916389900582,82.69681208765608
942,10.939683977069528,6.496502871675295,3.6344431495742295,0.291896,0.05399090112242187,82.40483759377193
943,10.921271540145646,6.494360932053905,3.5857140231876112,0.304159,0.04936205578081342,82.11420211169975
944,10.902926913796971,6.492218992432515,3.5369848968009934,0.316422,0.040961952541658575,81.82489809045836
945,10.884649730687004,6.486864143379041,3.484935764001221,0.328685,0.03137901707735451,81.53691802958386
946,10.866439625994904,6.481509294325566,3.4328866312014488,0.34094800000000003,0.0301388733058231,81.25025447873855
947,10.8482962373951,6.472941535840007,3.3808374984016765,0.353211,0.02488019220211326,80.96490003732359
948,10.8302192050371,6.464373777354448,3.328788365601904,0.365474,0.02051077177788171,80.68084735409474
949,10.812208171525484,6.455806018868888,3.276846329783201,0.377737,0.017795938914385724,80.39808912678173
950,10.794262781900079,6.447238260383329,3.224904293964498,0.39,0.012666582530953848,80.11661810171073
951,10.776382683616333,6.43867050189777,3.1744616158807677,0.393,0.007326033405475077,79.83642707343037
952,10.75856752652585,6.43010274341221,3.1240189377970378,0.396,0.005015286378787499,79.55750888434082
953,10.74081696285711,6.42153498492665,3.0852498306498823,0.399,0.0050335668216861034,79.27985642432623
954,10.723130647196376,6.412967226441091,3.0464807235027274,0.402,0.0020978046040616705,79.00346263039027
955,10.705508236468763,6.4033284981448375,3.007818713336641,0.405,0.0001,78.72832048629503
956,10.687949389919494,6.393689769848583,2.969156703170555,0.408,0.0001,78.45442302220283
957,10.670453769095312,6.382980071741635,2.9304946930044684,0.411,0.0001,78.1817633143213
958,10.653021037826083,6.372270373634685,2.8918326828383822,0.414,0.0001,77.91033448455151
959,10.635650862206539,6.361560675527736,2.853063575691227,0.417,0.0001,77.64012970013913
960,10.618342910578223,6.350850977420787,2.814294468544072,0.42,0.0001,77.3711421733286
961,10.601096853511567,6.340141279313838,2.7756324583779857,0.423,0.0001,77.10336516102038
962,10.583912363788153,6.329431581206888,2.7369704482118995,0.426,0.0001,76.83679196443107
963,10.566789116383124,6.31872188309994,2.6947742376705204,0.429,0.0001,76.57141592875648
964,10.549726788447767,6.308012184992991,2.652578027129141,0.432,0.0001,76.30723044283765
965,10.532725059292243,6.295160547264652,2.593567590559852,0.435,0.0001,76.04422893882975
966,10.515783610368478,6.282308909536313,2.5345571539905625,0.438,0.0001,75.78240489187371
967,10.498902125253213,6.267315332186584,2.475653814402343,0.441,0.0001,75.52175181977097
968,10.482080289631202,6.2523217548368555,2.416750474814123,0.444,0.0001,75.2622632826606
969,10.465317791278558,6.237328177487127,2.357847135225903,0.447,0.0001,75.00393288269957
970,10.44861432004627,6.222334600137398,2.2989437956376833,0.45,0.0001,74.7467542637456
971,10.43196956784384,6.20734102278767,2.261352755282292,0.45,0.0001,74.49072111104267
972,10.415383228623089,6.1923474454379415,2.2237617149269004,0.45,0.0001,74.23582715090939
973,10.398854998362104,6.177353868088213,2.1889551960793163,0.45,0.0001,73.98206615042986
974,10.382384575049322,6.162360290738484,2.1541486772317318,0.45,0.0001,73.72943191714728
975,10.36597165866776,6.144153803956671,2.119363577780361,0.45,0.0001,73.47791829876014
976,10.349615951179402,6.125947317174858,2.084578478328991,0.446,0.0001,73.22751918282106
977,10.333317156509699,6.104527920960959,2.0461735009174715,0.442,0.0001,72.97822849643799
978,10.317074980532226,6.08310852474706,2.0077685235059524,0.438,0.0001,72.73004020597831
979,10.300889131053475,6.061689128533162,1.966836057341193,0.434,0.0001,72.48294831677504
980,10.28475931779779,6.040269732319264,1.9259035911764337,0.43,0.0001,72.23694687283583
981,10.268685252392395,6.018850336105366,1.8849818347097815,0.428,0.0001,71.99202995655438
982,10.252666648352632,5.997430939891468,1.8440600782431291,0.426,0.0001,71.74819168842413
983,10.236703221067255,5.97601154367757,1.80312761207837,0.424,0.0001,71.50542622675457
984,10.220794687783899,5.954592147463673,1.7621951459136107,0.422,0.0001,71.2637277673899
985,10.204940767594664,5.928888872006995,1.7212626797488515,0.42,0.0001,71.02309054342994
986,10.189141181421832,5.903185596550316,1.6803302135840923,0.418,0.0001,70.78350882495364
987,10.173395652003698,5.87319844185086,1.6393977474193329,0.416,0.0001,70.54497691874464
988,10.157703903880549,5.843211287151403,1.5984652812545737,0.414,0.0001,70.30748916801936
989,10.142065663380748,5.8132241324519445,1.5575328150898144,0.412,0.0001,70.07103995215725
990,10.126480658606944,5.783236977752487,1.516600348925055,0.41,0.0001,69.83562368643338
991,10.110948619422407,5.7532498230530305,1.4756678827602958,0.40499999999999997,0.0001,69.60123482175328
992,10.095469277437502,5.7232626683535734,1.4347354165955366,0.39999999999999997,0.0001,69.36786784438989
993,10.080042365996237,5.693275513654115,1.3938136601288842,0.39499999999999996,0.0001,69.13551727572285
994,10.064667620162972,5.663288358954657,1.352891903662232,0.38999999999999996,0.0001,68.90417767197992
995,10.049344776709226,5.633301204255201,1.3119594374974728,0.385,0.0001,68.67384362398053
996,10.034073574100608,5.6033140495557445,1.2710269713327136,0.38,0.0001,68.44450975688153
997,10.018853752483851,5.573326894856287,1.2300945051679542,0.375,0.0001,68.21617072992504
998,10.003685053673966,5.543339740156829,1.1891620390031947,0.37,0.0001,67.98882123618833
999,9.98856722114152,5.513352585457371,1.1482295728384355,0.365,0.0001,67.76245600233598
1000,9.973500000000001,5.483365430757914,1.107297106673676,0.36,0.0001,67.53706978837381
